City_ID,City,Country,Date,Lat,Lng,Max Temp,Humidity,Cloudiness,Wind Speed
0,Mataura,NZ,2020-04-17 07:08:49,-46.19,168.86,48.0,93,85,1.99
1,Georgetown,MY,2020-04-17 07:08:49,5.41,100.34,87.8,74,20,5.82
2,Vila Franca Do Campo,PT,2020-04-17 07:08:50,37.72,-25.43,55.4,82,20,9.17
3,Rikitea,PF,2020-04-17 07:08:50,-23.12,-134.97,76.33,75,3,9.73
4,Yellowknife,CA,2020-04-17 07:08:50,62.46,-114.35,32.0,92,100,4.0
5,Padang,ID,2020-04-17 07:06:40,-0.95,100.35,85.87,70,75,5.23
6,Sao Filipe,CV,2020-04-17 07:08:51,14.9,-24.5,70.5,78,44,16.73
7,Kaitangata,NZ,2020-04-17 07:05:33,-46.28,169.85,50.0,81,99,20.0
8,Celestun,MX,2020-04-17 07:08:51,20.87,-90.4,79.56,80,83,14.47
9,Neiafu,TO,2020-04-17 07:08:51,-18.65,-173.98,80.46,78,100,6.62
10,Upernavik,GL,2020-04-17 07:08:52,72.79,-56.15,24.96,92,100,10.96
11,Kirakira,SB,2020-04-17 07:08:52,-10.45,161.92,83.37,71,58,1.01
12,Novosheshminsk,RU,2020-04-17 07:08:52,55.07,51.23,38.53,86,100,20.94
13,Ixtapa,MX,2020-04-17 07:08:52,20.7,-105.2,74.01,37,59,4.0
14,Puerto Ayora,EC,2020-04-17 07:08:53,-0.74,-90.35,75.99,97,23,1.01
15,Yurkivka,UA,2020-04-17 07:08:53,49.01,31.1,48.81,52,94,12.64
16,Sitka,US,2020-04-17 07:08:53,57.05,-135.33,44.4,91,100,5.46
17,Komsomolskiy,UZ,2020-04-17 07:08:53,40.43,71.72,66.2,48,27,2.24
18,Makat,KZ,2020-04-17 07:08:53,47.65,53.35,55.06,42,17,22.97
19,Hobart,AU,2020-04-17 07:05:11,-42.88,147.33,53.6,46,75,19.46
20,Pitimbu,BR,2020-04-17 07:08:54,-7.47,-34.81,78.15,85,75,5.39
21,Jamestown,US,2020-04-17 07:08:54,42.1,-79.24,36.0,63,46,1.99
22,Pevek,RU,2020-04-17 07:08:55,69.7,170.31,15.76,95,99,5.55
23,Provideniya,RU,2020-04-17 07:08:55,64.38,-173.3,32.0,94,90,13.42
24,Caravelas,BR,2020-04-17 07:07:11,-17.71,-39.25,77.2,87,6,7.78
25,Butaritari,KI,2020-04-17 07:08:55,3.07,172.79,84.04,77,73,14.76
26,Hamilton,US,2020-04-17 07:08:56,39.18,-84.53,43.0,72,100,4.72
27,Punta Arenas,CL,2020-04-17 07:08:56,-53.15,-70.92,44.6,75,19,8.05
28,Los Llanos De Aridane,ES,2020-04-17 07:08:56,28.66,-17.92,64.4,72,40,4.7
29,Ribeira Grande,PT,2020-04-17 07:08:57,38.52,-28.7,58.73,80,45,7.63
30,Ajdabiya,LY,2020-04-17 07:08:57,30.76,20.23,60.78,47,3,7.85
31,Roma,US,2020-04-17 07:07:40,43.21,-75.46,32.0,89,54,8.84
32,Puerto Quijarro,BO,2020-04-17 07:08:58,-17.78,-57.77,60.26,59,2,4.52
33,Hermanus,ZA,2020-04-17 07:08:58,-34.42,19.23,60.01,94,46,1.3
34,East London,ZA,2020-04-17 07:08:58,-33.02,27.91,60.8,82,0,5.82
35,Diego De Almagro,CL,2020-04-17 07:08:58,-26.37,-70.05,55.44,37,0,1.99
36,Faanui,PF,2020-04-17 07:08:59,-16.48,-151.75,83.26,66,30,8.34
37,Raudeberg,NO,2020-04-17 07:08:59,61.99,5.14,42.01,60,75,4.7
38,Albany,US,2020-04-17 07:08:00,42.6,-73.97,32.0,88,8,7.94
39,Naica,MX,2020-04-17 07:08:59,27.85,-105.48,70.36,13,100,13.18
40,Hilo,US,2020-04-17 07:09:00,19.73,-155.09,71.01,95,17,1.99
41,Mahebourg,MU,2020-04-17 07:09:00,-20.41,57.7,80.6,69,75,18.34
42,Souillac,MU,2020-04-17 07:09:00,-20.52,57.52,80.6,69,75,18.34
43,Cape Town,ZA,2020-04-17 07:08:57,-33.93,18.42,64.99,93,20,2.24
44,Toora-Khem,RU,2020-04-17 07:09:01,52.47,96.11,51.22,30,66,9.71
45,Velyka Bilozerka,UA,2020-04-17 07:09:01,47.28,34.71,55.99,50,64,11.5
46,San Juan,AR,2020-04-17 07:09:01,-31.54,-68.54,67.53,38,1,6.15
47,Warrington,GB,2020-04-17 07:09:01,53.39,-2.58,51.01,87,40,11.41
48,Aberdeen,GB,2020-04-17 07:09:01,57.14,-2.1,43.0,100,90,2.24
49,Port Alfred,ZA,2020-04-17 07:09:02,-33.59,26.89,68.0,63,4,1.99
50,Carnarvon,AU,2020-04-17 07:09:02,-24.87,113.63,88.21,42,87,10.07
51,Hithadhoo,MV,2020-04-17 07:09:03,-0.6,73.08,83.97,68,86,1.05
52,Kenai,US,2020-04-17 07:09:03,60.55,-151.26,39.0,93,99,5.01
53,Pisco,PE,2020-04-17 07:09:03,-13.7,-76.22,68.0,87,76,5.99
54,Vaini,TO,2020-04-17 07:09:03,-21.2,-175.2,77.0,78,27,15.08
55,Dwarka,IN,2020-04-17 07:09:04,22.24,68.97,81.14,75,27,13.22
56,Ushuaia,AR,2020-04-17 07:09:04,-54.8,-68.3,55.4,54,75,20.8
57,Omsukchan,RU,2020-04-17 07:09:04,62.53,155.8,14.32,88,100,8.63
58,Taoudenni,ML,2020-04-17 07:09:04,22.68,-3.98,87.73,20,98,13.13
59,New Norfolk,AU,2020-04-17 07:09:05,-42.78,147.06,53.6,46,75,19.46
60,Corralillo,CU,2020-04-17 07:06:03,22.98,-80.59,78.46,76,13,4.88
61,Thompson,CA,2020-04-17 07:09:05,55.74,-97.86,17.8,95,76,5.55
62,Kiruna,SE,2020-04-17 07:09:06,67.86,20.23,30.2,74,0,12.75
63,Baie-Saint-Paul,CA,2020-04-17 07:09:06,47.44,-70.5,25.25,91,99,6.31
64,Klaksvik,FO,2020-04-17 07:09:06,62.23,-6.59,41.0,86,55,9.06
65,Busselton,AU,2020-04-17 07:09:07,-33.65,115.33,78.01,26,71,7.65
66,Suntar,RU,2020-04-17 07:09:07,62.14,117.63,23.13,81,94,8.23
67,Khatanga,RU,2020-04-17 07:05:19,71.97,102.5,13.35,91,0,14.7
68,Talnakh,RU,2020-04-17 07:09:07,69.49,88.4,28.4,74,87,24.61
69,Castiglione Del Lago,IT,2020-04-17 07:09:07,43.13,12.05,52.0,75,8,0.45
70,Tuktoyaktuk,CA,2020-04-17 07:09:08,69.45,-133.04,12.83,96,98,5.57
71,Carutapera,BR,2020-04-17 07:09:08,-1.2,-46.02,78.51,82,61,3.91
72,Hirara,JP,2020-04-17 07:09:08,24.8,125.28,78.8,65,40,12.75
73,Camacha,PT,2020-04-17 07:05:56,33.08,-16.33,60.8,77,40,9.17
74,Krasnaya Gora,RU,2020-04-17 07:09:09,53.0,31.6,41.0,56,40,17.9
75,Severo-Kurilsk,RU,2020-04-17 07:09:09,50.68,156.12,31.21,94,86,14.88
76,Ampanihy,MG,2020-04-17 07:09:09,-24.7,44.75,81.9,41,0,7.14
77,Bengkulu,ID,2020-04-17 07:06:35,-3.8,102.27,78.53,83,100,8.41
78,Makubetsu,JP,2020-04-17 07:09:10,45.37,141.82,50.0,53,20,18.34
79,Arraial Do Cabo,BR,2020-04-17 07:09:10,-22.97,-42.03,75.2,75,100,7.25
80,Benguela,AO,2020-04-17 07:09:11,-12.58,13.41,77.0,83,90,6.93
81,Severomuysk,RU,2020-04-17 07:09:11,56.15,113.43,33.71,45,54,3.69
82,Virginia Beach,US,2020-04-17 07:04:25,36.85,-75.98,46.99,76,0,3.83
83,Saskylakh,RU,2020-04-17 07:09:12,71.92,114.08,3.06,90,1,4.07
84,Dawson,US,2020-04-17 07:05:18,31.77,-84.45,50.0,91,9,6.11
85,Victoria,HK,2020-04-17 07:09:12,22.29,114.16,80.6,57,20,8.05
86,Cidreira,BR,2020-04-17 07:05:32,-30.18,-50.21,63.99,80,19,10.8
87,Scalea,IT,2020-04-17 07:09:12,39.81,15.8,54.0,62,75,1.01
88,Guanay,BO,2020-04-17 07:09:13,-15.5,-67.88,69.03,57,85,0.6
89,Faya,SA,2020-04-17 07:09:13,18.39,42.45,68.0,59,20,16.11
90,Bluff,NZ,2020-04-17 07:09:13,-46.6,168.33,48.0,93,81,1.99
91,Laguna,US,2020-04-17 07:09:13,38.42,-121.42,57.99,85,90,1.01
92,Kapaa,US,2020-04-17 07:09:14,22.08,-159.32,73.0,59,92,12.91
93,Torbay,CA,2020-04-17 07:05:19,47.67,-52.73,28.99,74,9,4.0
94,Hobyo,SO,2020-04-17 07:09:14,5.35,48.53,87.04,67,58,13.35
95,Tukums,LV,2020-04-17 07:09:14,56.97,23.16,41.0,69,73,8.05
96,Kartuzy,PL,2020-04-17 07:09:15,54.33,18.2,50.0,59,1,10.29
97,Bambous Virieux,MU,2020-04-17 07:09:15,-20.34,57.76,81.0,69,75,18.34
98,Ilulissat,GL,2020-04-17 07:06:34,69.22,-51.1,19.0,83,63,13.56
99,Vagamo,NO,2020-04-17 07:09:15,61.88,9.1,22.96,84,39,7.27
100,Shelburne,CA,2020-04-17 07:09:15,44.08,-80.2,28.0,70,27,8.9
101,Itarema,BR,2020-04-17 07:05:39,-2.92,-39.92,76.8,88,69,6.35
102,Avarua,CK,2020-04-17 07:09:16,-21.21,-159.78,78.49,63,72,7.49
103,Nuevo Casas Grandes,MX,2020-04-17 07:09:16,30.42,-107.92,58.05,18,100,4.47
104,Jutai,BR,2020-04-17 07:09:16,-5.18,-68.9,72.34,94,48,3.11
105,Launceston,AU,2020-04-17 07:05:00,-41.45,147.17,54.0,54,75,18.34
106,Port Moresby,PG,2020-04-17 07:09:17,-9.44,147.18,81.34,78,92,7.54
107,Chokurdakh,RU,2020-04-17 07:09:17,70.63,147.92,-2.54,91,64,8.46
108,Atuona,PF,2020-04-17 07:09:17,-9.8,-139.03,82.67,76,75,13.58
109,Longyearbyen,SJ,2020-04-17 07:06:01,78.22,15.64,26.6,86,75,9.17
110,Klyuchevskiy,RU,2020-04-17 07:09:18,53.53,119.45,54.45,26,0,7.58
111,Kesova Gora,RU,2020-04-17 07:09:18,57.58,37.29,35.17,79,66,16.02
112,Balgazyn,RU,2020-04-17 07:09:18,51.0,95.2,52.57,29,13,6.4
113,Sao Felix Do Xingu,BR,2020-04-17 07:09:18,-6.64,-51.99,70.88,92,69,0.45
114,Hami,CN,2020-04-17 07:09:19,42.8,93.45,74.89,14,100,3.94
115,Adoni,IN,2020-04-17 07:09:19,15.63,77.28,98.96,18,9,5.73
116,Nieuw Amsterdam,SR,2020-04-17 07:09:19,5.88,-55.08,75.0,91,74,8.46
117,Puerto El Triunfo,SV,2020-04-17 07:09:20,13.28,-88.55,80.67,76,1,4.61
118,Bombay,IN,2020-04-17 07:05:19,19.01,72.85,89.6,66,20,9.17
119,Coahuayana,MX,2020-04-17 07:09:20,18.73,-103.68,74.61,46,15,2.15
120,Shenjiamen,CN,2020-04-17 07:09:20,29.96,122.3,61.18,84,8,10.85
121,Dikson,RU,2020-04-17 07:09:21,73.51,80.55,7.05,91,29,11.43
122,Bredasdorp,ZA,2020-04-17 07:04:41,-34.53,20.04,60.8,77,35,3.36
123,Kalmunai,LK,2020-04-17 07:07:11,7.42,81.82,88.56,60,65,7.34
124,Kapoeta,SS,2020-04-17 07:09:21,4.77,33.59,85.66,42,87,15.79
125,Katherine,AU,2020-04-17 07:09:22,-14.47,132.27,96.8,28,40,10.29
126,Dudinka,RU,2020-04-17 07:09:22,69.41,86.18,28.4,74,87,24.61
127,Barrow,US,2020-04-17 07:05:02,71.29,-156.79,9.64,95,100,7.61
128,Adrar,MR,2020-04-17 07:09:23,20.5,-10.07,79.45,14,40,7.56
129,Fort Nelson,CA,2020-04-17 07:09:23,58.81,-122.7,39.99,78,98,6.29
130,Voh,NC,2020-04-17 07:09:23,-20.97,164.7,77.86,79,19,6.2
131,Port Elizabeth,ZA,2020-04-17 07:09:24,-33.92,25.57,57.2,82,35,2.24
132,Nelson Bay,AU,2020-04-17 07:09:24,-32.72,152.15,80.6,34,57,6.93
133,Sioux Lookout,CA,2020-04-17 07:09:24,50.1,-91.92,20.37,93,72,4.79
134,Hauterive,FR,2020-04-17 07:09:24,46.09,3.45,55.4,37,60,8.05
135,Tashtyp,RU,2020-04-17 07:09:24,52.79,89.9,51.24,44,88,10.65
136,Salamanca,ES,2020-04-17 07:09:25,40.83,-6.0,48.2,81,68,11.41
137,Camargo,MX,2020-04-17 07:09:25,27.67,-105.17,70.43,14,99,10.22
138,Nikolskoye,RU,2020-04-17 07:09:25,59.7,30.79,39.2,64,20,22.37
139,Ratnagiri,IN,2020-04-17 07:09:25,16.98,73.3,96.28,43,10,6.33
140,Saint-Pierre,RE,2020-04-17 07:05:48,-21.34,55.48,80.6,65,4,8.05
141,Saint-Philippe,RE,2020-04-17 07:09:26,-21.36,55.77,80.6,65,11,8.05
142,Wolfsburg,DE,2020-04-17 07:09:26,52.43,10.8,46.99,72,64,3.71
143,Khani,GE,2020-04-17 07:09:26,41.96,42.96,53.6,66,0,13.87
144,Touros,BR,2020-04-17 07:09:27,-5.2,-35.46,79.66,85,77,14.07
145,Pangoa,PE,2020-04-17 07:09:27,-12.12,-73.0,62.24,75,96,1.52
146,Broome,US,2020-04-17 07:09:27,42.25,-75.83,28.99,61,17,6.91
147,Olafsvik,IS,2020-04-17 07:09:27,64.89,-23.71,43.14,95,100,18.86
148,Nanortalik,GL,2020-04-17 07:09:27,60.14,-45.24,29.19,97,100,19.82
149,Bonavista,CA,2020-04-17 07:09:28,48.65,-53.11,27.0,70,24,11.99
150,Cooma,AU,2020-04-17 07:09:28,-36.23,149.13,63.79,21,0,9.24
151,Derazhnya,UA,2020-04-17 07:09:28,49.27,27.43,46.69,55,99,8.59
152,Bulancak,TR,2020-04-17 07:09:28,40.94,38.23,50.0,76,0,6.93
153,Sibolga,ID,2020-04-17 07:09:28,1.74,98.78,86.5,68,88,4.14
154,Katsuura,JP,2020-04-17 07:09:29,35.13,140.3,60.01,58,75,4.7
155,Saint George,US,2020-04-17 07:07:42,37.1,-113.58,57.0,35,91,6.78
156,Cabo San Lucas,MX,2020-04-17 07:08:31,22.89,-109.91,66.99,67,65,4.92
157,Santa Cruz Do Capibaribe,BR,2020-04-17 07:05:45,-7.96,-36.2,70.3,83,100,3.51
158,Yarega,RU,2020-04-17 07:09:30,63.44,53.58,34.09,89,100,11.88
159,Harrison,US,2020-04-17 07:09:30,30.41,-89.04,55.99,100,63,8.99
160,Izmalkovo,RU,2020-04-17 07:09:30,52.69,37.96,37.35,70,84,17.83
161,Biak,ID,2020-04-17 07:09:30,-0.91,122.88,84.36,70,37,4.7
162,Castro,BR,2020-04-17 07:05:00,-24.79,-50.01,47.35,52,0,2.55
163,Great Yarmouth,GB,2020-04-17 07:09:31,52.61,1.73,50.0,87,19,14.99
164,Labuhan,ID,2020-04-17 07:09:31,-6.88,112.21,87.91,66,60,7.16
165,Bukama,CD,2020-04-17 07:09:31,-9.2,25.85,73.56,75,86,2.21
166,Nishihara,JP,2020-04-17 07:09:31,26.18,127.76,77.0,57,40,12.75
167,Srednekolymsk,RU,2020-04-17 07:09:32,67.45,153.68,10.17,93,100,12.57
168,Emerald,AU,2020-04-17 07:07:51,-23.53,148.17,91.0,26,7,5.01
169,Ostrovnoy,RU,2020-04-17 07:09:32,68.05,39.51,31.86,96,83,15.79
170,Mihaileni,RO,2020-04-17 07:09:32,47.97,26.15,57.99,43,82,1.12
171,Okha,RU,2020-04-17 07:09:33,53.57,142.95,41.7,74,27,12.41
172,Bethel,US,2020-04-17 07:09:33,41.37,-73.41,37.0,67,37,1.01
173,Lovozero,RU,2020-04-17 07:09:33,68.0,35.01,32.23,90,100,16.17
174,Darhan,MN,2020-04-17 07:09:33,49.49,105.92,61.29,22,62,6.58
175,Esmeraldas,BR,2020-04-17 07:09:34,-19.76,-44.31,64.53,71,91,3.06
176,Wewak,PG,2020-04-17 07:09:34,-3.55,143.63,84.24,74,33,8.72
177,Geraldton,AU,2020-04-17 07:09:34,-28.77,114.6,80.01,52,90,3.0
178,Bud,US,2020-04-17 07:09:35,39.45,-86.18,42.01,95,100,7.83
179,Fairbanks,US,2020-04-17 07:08:11,64.84,-147.72,37.99,84,69,1.7
180,Nagda,IN,2020-04-17 07:09:35,23.45,75.42,102.33,11,29,19.17
181,Verkhnechusovskiye Gorodki,RU,2020-04-17 07:09:36,58.17,57.11,42.39,63,25,11.23
182,Kruisfontein,ZA,2020-04-17 07:05:35,-34.0,24.73,59.97,59,60,1.86
183,Vardo,NO,2020-04-17 07:09:36,70.37,31.11,35.6,80,40,25.28
184,Clyde River,CA,2020-04-17 07:09:36,70.47,-68.59,2.59,90,95,6.8
185,Masuguru,TZ,2020-04-17 07:09:36,-11.37,38.42,76.19,85,95,5.17
186,Krasnoselkup,RU,2020-04-17 07:09:37,65.7,82.47,33.58,98,98,6.24
187,Cockburn Town,TC,2020-04-17 07:09:37,21.46,-71.14,78.39,81,23,14.0
188,Lavrentiya,RU,2020-04-17 07:09:37,65.58,-171.0,32.85,95,100,6.93
189,Norman Wells,CA,2020-04-17 07:09:38,65.28,-126.83,34.29,88,99,20.6
190,Nome,US,2020-04-17 07:09:38,64.5,-165.41,36.0,98,100,11.01
191,Ancud,CL,2020-04-17 07:09:38,-41.87,-73.82,57.2,100,90,23.04
192,Rio Gallegos,AR,2020-04-17 07:09:38,-51.62,-69.22,44.6,65,32,9.17
193,Sinnamary,GF,2020-04-17 07:09:38,5.38,-52.95,78.82,86,80,10.13
194,Qaanaaq,GL,2020-04-17 07:09:39,77.48,-69.36,16.68,88,100,8.66
195,Kuching,MY,2020-04-17 07:08:24,1.55,110.33,87.8,74,40,9.17
196,Kholodnyy,RU,2020-04-17 07:09:39,62.72,147.95,6.6,80,100,13.78
197,Half Moon Bay,US,2020-04-17 07:09:39,37.46,-122.43,57.0,77,100,5.61
198,Porto Novo,BJ,2020-04-17 07:09:40,6.5,2.6,84.2,89,40,12.75
199,Todos Santos,MX,2020-04-17 07:09:40,23.45,-110.22,69.01,86,88,1.01
200,Husavik,IS,2020-04-17 07:06:32,66.04,-17.34,48.2,61,20,31.09
201,Tilichiki,RU,2020-04-17 07:09:40,60.47,166.1,16.48,94,0,8.86
202,Wilmington,US,2020-04-17 07:08:07,34.23,-77.94,62.01,38,0,2.71
203,Aksu,CN,2020-04-17 07:09:41,41.12,80.26,55.0,50,100,11.18
204,Lebu,CL,2020-04-17 07:05:14,-37.62,-73.65,56.77,74,67,8.52
205,Toba Tek Singh,PK,2020-04-17 07:09:41,30.97,72.48,84.61,31,94,17.36
206,Kaeo,NZ,2020-04-17 07:09:41,-35.1,173.78,64.0,87,80,3.0
207,Oum Hadjer,TD,2020-04-17 07:09:42,13.3,19.7,78.96,10,0,16.69
208,Pangnirtung,CA,2020-04-17 07:09:42,66.15,-65.71,12.72,89,100,2.06
209,Tolaga Bay,NZ,2020-04-17 07:09:42,-38.37,178.3,65.79,72,98,11.74
210,Guano,EC,2020-04-17 07:09:42,-1.58,-78.63,47.34,37,89,2.44
211,Kodiak,US,2020-04-17 07:09:42,57.79,-152.41,43.03,90,87,0.85
212,Beloha,MG,2020-04-17 07:06:35,-25.17,45.05,81.55,49,1,5.44
213,Copiapo,CL,2020-04-17 07:05:23,-27.37,-70.33,55.4,76,0,4.7
214,Willowmore,ZA,2020-04-17 07:09:43,-33.29,23.49,55.6,43,31,5.21
215,Guantanamo,CU,2020-04-17 07:09:44,20.14,-75.21,80.01,83,42,5.99
216,Egvekinot,RU,2020-04-17 07:05:16,66.32,-179.17,15.73,92,98,12.06
217,Zhangye,CN,2020-04-17 07:09:44,38.93,100.45,61.18,16,100,3.27
218,Alofi,NU,2020-04-17 07:09:44,-19.06,-169.92,77.0,88,98,2.24
219,Coquimbo,CL,2020-04-17 07:07:28,-29.95,-71.34,55.4,82,3,8.05
220,Soyo,AO,2020-04-17 07:09:45,-6.13,12.37,79.81,85,100,4.41
221,Borogontsy,RU,2020-04-17 07:09:45,62.67,131.17,14.04,78,47,6.4
222,Port Lincoln,AU,2020-04-17 07:09:45,-34.73,135.87,64.49,56,31,11.77
223,Narsaq,GL,2020-04-17 07:09:45,60.92,-46.05,29.12,95,100,4.94
224,Penzance,GB,2020-04-17 07:05:18,50.12,-5.54,53.6,93,75,11.41
225,Lagoa,PT,2020-04-17 07:09:46,39.05,-27.98,58.96,74,2,5.93
226,Chicama,PE,2020-04-17 07:09:46,-7.84,-79.15,74.16,66,0,6.17
227,Bintulu,MY,2020-04-17 07:09:46,3.17,113.03,91.4,70,75,8.05
228,Mangai,CD,2020-04-17 07:09:47,-4.05,19.53,74.75,84,100,0.72
229,Khash,IR,2020-04-17 07:09:47,28.22,61.22,62.82,35,19,6.49
230,Henties Bay,NA,2020-04-17 07:09:47,-22.12,14.28,55.99,88,0,4.32
231,Gazojak,TM,2020-04-17 07:09:47,41.19,61.4,70.84,22,0,5.26
232,Pacific Grove,US,2020-04-17 07:07:01,36.62,-121.92,55.0,92,100,4.81
233,Karasjok,NO,2020-04-17 07:09:48,69.47,25.51,35.6,80,96,40.26
234,Namatanai,PG,2020-04-17 07:09:48,-3.67,152.43,77.22,86,99,8.32
235,Sangueya,GN,2020-04-17 07:09:49,10.7,-14.37,78.96,69,95,3.24
236,Sedro-Woolley,US,2020-04-17 07:09:49,48.5,-122.24,52.0,62,12,2.26
237,Muyezerskiy,RU,2020-04-17 07:09:50,63.93,31.65,31.37,89,99,12.77
238,Sholapur,IN,2020-04-17 07:07:43,17.68,75.92,99.9,17,12,1.3
239,Santiago Del Estero,AR,2020-04-17 07:09:50,-27.8,-64.26,60.57,57,0,6.58
240,Nara,JP,2020-04-17 07:09:50,34.69,135.8,68.0,52,75,4.7
241,Lorengau,PG,2020-04-17 07:09:51,-2.02,147.27,80.42,78,99,4.9
242,Nyagan,RU,2020-04-17 07:09:51,62.14,65.39,47.95,74,100,14.03
243,Inongo,CD,2020-04-17 07:09:51,-1.95,18.27,75.24,86,100,4.56
244,Lompoc,US,2020-04-17 07:09:51,34.64,-120.46,57.0,92,100,4.9
245,Itupiranga,BR,2020-04-17 07:09:51,-5.13,-49.33,74.12,93,98,1.74
246,Tiksi,RU,2020-04-17 07:09:52,71.69,128.87,-0.04,91,95,6.4
247,Kirkwall,GB,2020-04-17 07:09:39,58.98,-2.96,42.01,93,7,6.33
248,Bathsheba,BB,2020-04-17 07:09:52,13.22,-59.52,78.8,69,40,16.11
249,Cherskiy,RU,2020-04-17 07:05:00,68.75,161.3,12.83,95,83,10.38
250,Palmer,US,2020-04-17 07:09:53,42.16,-72.33,33.01,69,6,6.24
251,Aykhal,RU,2020-04-17 07:07:14,66.0,111.5,12.2,61,95,6.71
252,Saint-Augustin,CA,2020-04-17 07:09:53,51.23,-58.65,21.87,90,88,9.66
253,Komsomolets,KZ,2020-04-17 07:08:32,53.75,62.07,43.65,67,100,9.64
254,Brisbane,AU,2020-04-17 07:08:07,-27.47,153.03,90.0,69,55,17.22
255,Mar Del Plata,AR,2020-04-17 07:09:54,-38.0,-57.56,55.0,91,30,4.0
256,Barcelos,PT,2020-04-17 07:09:54,41.54,-8.62,55.4,93,40,17.22
257,Vanavara,RU,2020-04-17 07:09:54,60.34,102.28,32.9,84,100,11.01
258,Uttaradit,TH,2020-04-17 07:09:54,17.67,100.5,107.01,27,20,8.05
259,Saldanha,ZA,2020-04-17 07:09:54,-33.01,17.94,59.88,88,7,9.8
260,Ouro Fino,BR,2020-04-17 07:06:09,-22.28,-46.37,61.57,69,0,1.9
261,Ucluelet,CA,2020-04-17 07:09:55,48.93,-125.55,50.0,91,0,4.45
262,Tateyama,JP,2020-04-17 07:09:55,34.98,139.87,60.01,72,75,6.93
263,Urumqi,CN,2020-04-17 07:09:55,43.8,87.6,60.8,55,40,4.47
264,Nazarovo,RU,2020-04-17 07:09:56,56.01,90.39,42.48,62,98,8.37
265,Port Macquarie,AU,2020-04-17 07:07:13,-31.43,152.92,75.0,77,85,9.4
266,Havre-Saint-Pierre,CA,2020-04-17 07:09:56,50.23,-63.6,27.55,90,99,9.93
267,Okhotsk,RU,2020-04-17 07:09:56,59.38,143.3,27.19,82,0,9.44
268,Santa Cruz,BO,2020-04-17 07:09:57,-17.8,-63.17,68.0,56,20,5.82
269,Hay River,CA,2020-04-17 07:09:57,60.82,-115.8,33.37,88,100,11.23
270,Bereda,ES,2020-04-17 07:09:57,43.27,-7.54,55.0,93,75,8.05
271,Uyemskiy,RU,2020-04-17 07:09:57,64.47,40.85,33.8,97,90,6.71
272,Eyl,SO,2020-04-17 07:09:58,7.98,49.82,84.76,69,4,9.28
273,Collie,AU,2020-04-17 07:09:58,-33.37,116.15,77.0,26,90,2.24
274,Prado,BR,2020-04-17 07:09:58,-17.34,-39.22,76.35,88,5,6.93
275,Bendigo,AU,2020-04-17 07:09:58,-36.77,144.28,68.0,40,60,11.81
276,Gloucester,GB,2020-04-17 07:09:59,51.87,-2.24,48.99,81,40,13.87
277,Lubango,AO,2020-04-17 07:09:59,-14.92,13.49,62.15,46,0,0.96
278,Jitra,MY,2020-04-17 07:09:59,6.27,100.42,84.2,83,20,6.93
279,Vila Velha,BR,2020-04-17 07:07:07,-20.33,-40.29,77.0,82,52,1.01
280,Yulara,AU,2020-04-17 07:10:00,-25.24,130.99,87.78,22,57,10.69
281,Killarney,IE,2020-04-17 07:10:00,52.05,-9.52,50.0,93,75,3.36
282,Luderitz,NA,2020-04-17 07:06:36,-26.65,15.16,51.8,93,0,1.12
283,Kharp,RU,2020-04-17 07:06:06,66.8,65.81,32.97,92,100,9.62
284,Zambezi,ZM,2020-04-17 07:10:00,-13.54,23.1,67.19,66,17,4.83
285,Gizo,SB,2020-04-17 07:10:01,-8.1,156.84,80.38,78,100,7.0
286,Mount Gambier,AU,2020-04-17 07:10:01,-37.83,140.77,59.23,64,98,11.74
287,Trinidad,BO,2020-04-17 07:10:01,-14.83,-64.9,62.11,69,62,3.85
288,Sungairaya,ID,2020-04-17 07:10:02,0.7,108.9,84.2,78,95,8.68
289,Siquijor,PH,2020-04-17 07:10:02,9.21,123.52,82.6,75,43,8.99
290,Ust-Kalmanka,RU,2020-04-17 07:10:02,52.12,83.31,59.27,40,0,5.41
291,Cerrito,CO,2020-04-17 07:10:02,6.84,-72.69,46.74,44,98,1.07
292,Havoysund,NO,2020-04-17 07:10:03,71.0,24.66,35.6,80,40,28.86
293,Savelugu,GH,2020-04-17 07:10:03,9.62,-0.83,86.32,49,1,5.08
294,Ebeltoft,DK,2020-04-17 07:10:03,56.19,10.68,46.0,100,55,2.24
295,Thinadhoo,MV,2020-04-17 07:06:31,0.53,72.93,84.85,66,44,2.13
296,Kelowna,CA,2020-04-17 07:08:51,49.88,-119.49,41.0,61,39,0.69
297,Mogocha,RU,2020-04-17 07:10:04,53.73,119.77,54.23,29,1,7.2
298,Ust-Shonosha,RU,2020-04-17 07:10:04,61.15,41.34,33.26,92,100,6.85
299,Mairana,BO,2020-04-17 07:10:04,-18.12,-63.93,46.0,42,47,3.89
300,Leczna,PL,2020-04-17 07:10:05,51.3,22.88,48.99,66,20,6.93
301,Yorkton,CA,2020-04-17 07:10:05,51.22,-102.47,24.04,86,0,6.2
302,Ostersund,SE,2020-04-17 07:10:05,63.18,14.64,36.0,73,40,18.34
303,Beyneu,KZ,2020-04-17 07:10:06,45.32,55.2,54.97,40,18,11.05
304,Guerrero Negro,MX,2020-04-17 07:10:06,27.98,-114.06,63.16,66,29,9.84
305,Bilibino,RU,2020-04-17 07:10:06,68.05,166.44,14.76,88,100,4.97
306,Farah,AF,2020-04-17 07:10:07,32.5,62.5,62.69,40,61,5.1
307,Prince Rupert,CA,2020-04-17 07:06:59,54.32,-130.32,46.51,89,100,3.18
308,Kargil,IN,2020-04-17 07:10:07,34.57,76.1,39.16,16,93,2.33
309,Sherlovaya Gora,RU,2020-04-17 07:10:07,50.57,116.25,57.25,24,32,8.7
310,Mezen,RU,2020-04-17 07:10:07,65.85,44.24,33.21,94,97,14.07
311,Nhulunbuy,AU,2020-04-17 07:10:08,-12.23,136.77,89.6,62,40,9.17
312,Coihaique,CL,2020-04-17 07:06:56,-45.58,-72.07,55.08,75,87,4.05
313,Veraval,IN,2020-04-17 07:10:08,20.9,70.37,95.02,28,15,7.4
314,San Patricio,MX,2020-04-17 07:10:09,19.22,-104.7,73.78,55,28,3.36
315,Sungaipenuh,ID,2020-04-17 07:06:12,-2.08,101.38,74.66,62,100,2.71
316,Bandarbeyla,SO,2020-04-17 07:10:09,9.49,50.81,84.25,65,2,6.69
317,Muros,ES,2020-04-17 07:10:09,42.78,-9.06,57.99,100,75,10.29
318,Abalak,RU,2020-04-17 07:10:10,58.13,68.59,55.42,46,100,16.4
319,Chuy,UY,2020-04-17 07:10:10,-33.7,-53.46,60.1,91,3,6.24
320,Omboue,GA,2020-04-17 07:10:10,-1.57,9.26,77.56,90,100,2.51
321,Soure,BR,2020-04-17 07:10:10,-0.72,-48.52,76.59,84,66,3.98
322,Oranjestad,AW,2020-04-17 07:10:06,12.52,-70.03,80.6,74,40,17.22
323,Tiznit,MA,2020-04-17 07:10:11,29.58,-9.5,54.9,62,0,0.63
324,Morozovsk,RU,2020-04-17 07:10:11,48.35,41.83,53.73,56,62,23.89
325,Shemonaikha,KZ,2020-04-17 07:08:07,50.63,81.91,57.33,47,0,13.35
326,Banda Aceh,ID,2020-04-17 07:10:11,5.56,95.32,83.93,69,100,3.85
327,Hashtrud,IR,2020-04-17 07:10:12,37.48,47.05,51.39,36,3,1.95
328,Salalah,OM,2020-04-17 07:09:05,17.02,54.09,86.0,66,40,6.93
329,Acarau,BR,2020-04-17 07:10:12,-2.89,-40.12,76.5,89,73,5.66
330,Dondo,MZ,2020-04-17 07:10:12,-19.61,34.74,82.4,78,40,2.24
331,Ilebo,CD,2020-04-17 07:10:13,-4.32,20.58,75.16,83,100,1.1
332,Jalcocotan,MX,2020-04-17 07:10:13,21.47,-105.12,70.84,29,57,3.24
333,Lata,PT,2020-04-17 07:10:13,40.16,-8.33,55.99,96,100,1.99
334,Abu Samrah,SY,2020-04-17 07:10:13,35.3,37.18,65.84,47,64,9.89
335,Puerto Rondon,CO,2020-04-17 07:10:14,6.28,-71.1,77.72,52,63,3.13
336,Carasova,RO,2020-04-17 07:10:14,45.2,21.87,57.0,66,100,2.24
337,Edd,ER,2020-04-17 07:10:14,13.93,41.69,83.19,61,18,2.48
338,Batticaloa,LK,2020-04-17 07:10:14,7.71,81.69,89.58,57,47,8.1
339,Mecca,SA,2020-04-17 07:07:38,21.43,39.83,84.4,23,0,2.21
340,Constitucion,CL,2020-04-17 07:10:15,-35.33,-72.42,56.64,62,28,5.91
341,Whitianga,NZ,2020-04-17 07:10:15,-36.83,175.7,66.0,92,49,7.0
342,Ust-Omchug,RU,2020-04-17 07:10:15,61.15,149.63,13.03,84,100,8.05
343,Matara,LK,2020-04-17 07:10:16,5.95,80.54,88.52,62,6,7.61
344,Apatou,GF,2020-04-17 07:10:16,5.16,-54.35,72.72,96,71,0.58
345,Tasiilaq,GL,2020-04-17 07:05:17,65.61,-37.64,30.24,98,100,25.52
346,Lasalgaon,IN,2020-04-17 07:10:16,20.15,74.23,99.07,14,0,8.41
347,Kahului,US,2020-04-17 07:07:12,20.89,-156.47,70.0,81,16,10.0
348,Beroroha,MG,2020-04-17 07:07:09,-21.67,45.17,80.06,46,0,7.78
349,Lethem,GY,2020-04-17 07:10:17,3.38,-59.8,79.54,63,73,5.73
350,Yar-Sale,RU,2020-04-17 07:10:17,66.83,70.83,33.22,96,100,22.32
351,Antofagasta,CL,2020-04-17 07:10:18,-23.65,-70.4,62.6,88,75,9.17
352,Keningau,MY,2020-04-17 07:10:18,5.34,116.16,91.4,75,20,8.05
353,Chebenki,RU,2020-04-17 07:10:18,51.93,55.71,46.4,61,75,20.13
354,Taunggyi,MM,2020-04-17 07:08:03,20.78,97.03,88.45,13,39,9.24
355,Esperance,AU,2020-04-17 07:10:18,-33.87,121.9,67.69,58,5,10.27
356,Nouadhibou,MR,2020-04-17 07:10:19,20.93,-17.03,62.6,93,40,12.75
357,Haapiti,PF,2020-04-17 07:10:19,-17.57,-149.87,82.0,74,72,3.0
358,Dhamtari,IN,2020-04-17 07:10:19,20.71,81.55,98.6,35,6,14.99
359,Huaiyin,CN,2020-04-17 07:10:20,33.59,119.02,73.53,29,23,14.23
360,Teguise,ES,2020-04-17 07:10:20,29.06,-13.56,64.4,82,20,5.82
361,Havre,FR,2020-04-17 07:10:20,49.58,0.33,57.2,76,75,6.93
362,Tazmalt,DZ,2020-04-17 07:10:20,36.39,4.4,68.0,48,92,6.17
363,Severodvinsk,RU,2020-04-17 07:10:21,64.56,39.83,33.8,95,90,6.71
364,Rocky Mountain House,CA,2020-04-17 07:10:21,52.37,-114.92,31.89,62,74,5.26
365,Tigil,RU,2020-04-17 07:10:21,57.8,158.67,28.02,97,99,5.73
366,Belawan,ID,2020-04-17 07:10:22,3.78,98.68,86.0,74,75,9.17
367,Ordzhonikidze,KZ,2020-04-17 07:10:22,52.44,61.74,42.49,80,100,4.56
368,Plettenberg Bay,ZA,2020-04-17 07:10:22,-34.05,23.37,61.77,64,67,1.43
369,Lugovoy,KZ,2020-04-17 07:10:22,42.95,72.76,60.49,38,0,2.98
370,Lydenburg,ZA,2020-04-17 07:10:22,-25.1,30.46,66.99,77,19,4.0
371,Tonaya,MX,2020-04-17 07:10:23,19.78,-103.97,71.35,24,23,1.41
372,Kanadey,RU,2020-04-17 07:10:23,53.17,47.53,45.37,65,98,18.23
373,Saint-Francois,FR,2020-04-17 07:10:23,46.42,3.91,46.4,81,60,5.21
374,Seoul,KR,2020-04-17 07:06:37,37.57,126.98,57.2,87,75,3.36
375,Inhambane,MZ,2020-04-17 07:10:24,-23.86,35.38,77.0,94,75,4.7
376,Belyy Yar,RU,2020-04-17 07:10:24,53.6,91.39,51.8,40,76,11.18
377,Airai,TL,2020-04-17 07:10:24,-8.93,125.41,69.08,68,25,3.58
378,Iqaluit,CA,2020-04-17 07:10:24,63.75,-68.51,5.0,77,100,11.01
379,Mikumi,TZ,2020-04-17 07:10:25,-7.4,36.98,73.78,76,19,3.51
380,Moron,AR,2020-04-17 07:10:25,-34.65,-58.62,62.6,100,2,2.24
381,Cap-Aux-Meules,CA,2020-04-17 07:10:25,47.38,-61.86,30.88,93,39,16.64
382,Piacabucu,BR,2020-04-17 07:10:25,-10.41,-36.43,78.28,86,10,5.08
383,Bad Kissingen,DE,2020-04-17 07:10:26,50.2,10.08,55.99,72,13,1.01
384,Xining,CN,2020-04-17 07:10:26,36.62,101.77,55.71,15,100,8.3
385,Wanning,CN,2020-04-17 07:10:26,18.8,110.4,81.1,67,95,8.43
386,Kavieng,PG,2020-04-17 07:10:27,-2.57,150.8,78.82,80,100,13.04
387,Dingle,PH,2020-04-17 07:10:27,11.0,122.67,91.49,51,83,14.97
388,Beringovskiy,RU,2020-04-17 07:10:28,63.05,179.32,24.8,97,99,16.33
389,San Pedro,PH,2020-04-17 07:10:28,14.35,121.02,93.2,56,40,9.17
390,Ketchikan,US,2020-04-17 07:10:28,55.34,-131.65,46.9,90,100,2.95
391,Houma,US,2020-04-17 07:10:01,29.6,-90.72,60.01,79,89,5.73
392,Jatai,BR,2020-04-17 07:07:59,-17.88,-51.71,61.3,72,100,6.2
393,Pulilan,PH,2020-04-17 07:10:29,14.93,120.85,93.2,56,40,9.17
394,Lasa,IT,2020-04-17 07:05:56,46.62,10.7,50.0,75,22,1.12
395,Miramar,US,2020-04-17 07:10:29,25.99,-80.23,79.0,75,58,3.0
396,Waingapu,ID,2020-04-17 07:10:29,-9.66,120.26,85.15,69,83,3.91
397,Ponta Do Sol,PT,2020-04-17 07:10:30,32.67,-17.1,60.8,67,20,2.24
398,Acapulco,MX,2020-04-17 07:10:30,16.86,-99.89,79.21,50,29,2.53
399,Taltal,CL,2020-04-17 07:10:30,-25.4,-70.48,63.19,67,0,2.8
400,Tomatlan,MX,2020-04-17 07:10:30,19.93,-105.25,69.58,53,55,3.29
401,Smidovich,RU,2020-04-17 07:10:30,48.6,133.82,62.13,28,0,9.15
402,Shar,KZ,2020-04-17 07:10:31,49.59,81.05,58.33,39,0,12.57
403,Sirohi,IN,2020-04-17 07:10:31,24.88,72.87,99.05,15,85,16.71
404,Kysyl-Syr,RU,2020-04-17 07:10:31,63.9,122.76,12.58,83,25,11.27
405,Madras,IN,2020-04-17 07:10:12,13.09,80.28,93.2,52,20,8.05
406,Brae,GB,2020-04-17 07:10:32,60.4,-1.35,41.0,70,0,4.03
407,Dunedin,NZ,2020-04-17 07:10:32,-45.87,170.5,48.99,94,100,17.34
408,Haines Junction,CA,2020-04-17 07:10:32,60.75,-137.51,39.94,66,100,4.45
409,Nanakuli,US,2020-04-17 07:10:32,21.39,-158.15,75.0,64,60,11.01
410,Cabatuan,PH,2020-04-17 07:10:33,10.88,122.49,93.61,46,82,7.83
411,Lamar,US,2020-04-17 07:10:33,33.67,-95.58,60.01,68,31,1.01
412,Dandong,CN,2020-04-17 07:10:33,40.13,124.39,55.81,70,97,12.57
413,Honavar,IN,2020-04-17 07:10:33,14.28,74.45,90.79,54,65,7.45
414,Cap Malheureux,MU,2020-04-17 07:10:34,-19.98,57.61,81.0,69,75,18.34
415,Malindi,KE,2020-04-17 07:10:34,-3.22,40.12,83.66,75,96,14.05
416,Chapleau,CA,2020-04-17 07:10:34,47.84,-83.4,16.61,93,52,6.17
417,Asilah,MA,2020-04-17 07:10:34,35.47,-6.03,60.8,100,75,2.24
418,Yatou,CN,2020-04-17 07:10:35,37.15,122.38,53.15,69,19,10.36
419,Meadow Lake,US,2020-04-17 07:10:35,34.8,-106.54,57.0,42,10,7.34
420,Erzincan,TR,2020-04-17 07:10:35,39.75,39.5,53.6,62,20,2.24
421,Sal Rei,CV,2020-04-17 07:10:36,16.18,-22.92,69.8,73,75,10.29
422,Beipiao,CN,2020-04-17 07:10:36,41.79,120.78,49.86,69,100,16.31
423,Eenhana,NA,2020-04-17 07:10:36,-17.47,16.33,71.6,73,0,2.64
424,Sao Jose Da Coroa Grande,BR,2020-04-17 07:10:36,-8.9,-35.15,80.42,79,100,8.01
425,Sisimiut,GL,2020-04-17 07:10:37,66.94,-53.67,24.3,87,97,13.87
426,Anapolis,BR,2020-04-17 07:10:37,-16.33,-48.95,63.81,74,76,4.97
427,San Rafael,AR,2020-04-17 07:10:37,-34.62,-68.33,63.99,41,33,7.99
428,Shcherbynivka,UA,2020-04-17 07:10:38,48.39,37.79,52.65,53,90,16.53
429,Leningradskiy,RU,2020-04-17 07:10:38,69.38,178.42,15.31,96,100,5.53
430,Fortuna,US,2020-04-17 07:10:38,40.6,-124.16,50.0,94,20,2.44
431,Aripuana,BR,2020-04-17 07:10:38,-9.17,-60.63,71.64,95,94,2.28
432,Kutum,SD,2020-04-17 07:10:39,14.2,24.67,71.6,11,0,10.42
433,Tommot,RU,2020-04-17 07:10:39,58.96,126.29,23.54,82,100,9.28
434,Gloversville,US,2020-04-17 07:10:39,43.05,-74.34,32.0,82,2,8.99
435,Ekhabi,RU,2020-04-17 07:10:39,53.51,142.97,42.42,73,26,12.8
436,Wejherowo,PL,2020-04-17 07:10:40,54.61,18.24,50.0,62,2,10.29
437,Las Matas De Farfan,DO,2020-04-17 07:10:40,18.87,-71.52,70.65,75,56,0.56
438,Flinders,AU,2020-04-17 07:10:40,-34.58,150.86,75.99,38,0,3.0
439,Peniche,PT,2020-04-17 07:10:40,39.36,-9.38,59.0,100,75,14.99
440,Ravar,IR,2020-04-17 07:10:40,31.27,56.81,65.48,30,11,3.83
441,Klichka,RU,2020-04-17 07:10:41,50.45,118.0,59.43,23,45,8.9
442,Zhigansk,RU,2020-04-17 07:10:41,66.77,123.37,7.56,90,12,15.46
443,College,US,2020-04-17 07:10:41,64.86,-147.8,37.99,78,66,1.57
444,Rancho Veloz,CU,2020-04-17 07:10:41,22.88,-80.39,78.1,77,20,4.65
445,Bonnyville,CA,2020-04-17 07:10:42,54.27,-110.73,29.53,83,100,6.55
446,Ahipara,NZ,2020-04-17 07:10:42,-35.17,173.17,65.52,87,84,16.26
447,Mehamn,NO,2020-04-17 07:10:42,71.04,27.85,35.6,87,75,19.46
448,Shimoda,JP,2020-04-17 07:08:50,34.67,138.95,61.0,72,75,6.93
449,Tarsus,TR,2020-04-17 07:10:43,36.92,34.88,75.2,40,0,8.05
450,Isangel,VU,2020-04-17 07:10:43,-19.55,169.27,77.76,79,29,14.88
451,Gusau,NG,2020-04-17 07:10:43,12.16,6.66,77.22,13,0,10.29
452,Santa Marta,CO,2020-04-17 07:10:02,11.24,-74.2,79.65,70,37,17.98
453,Kavaratti,IN,2020-04-17 07:10:44,10.57,72.64,84.63,67,100,4.38
454,Salta,AR,2020-04-17 07:10:04,-24.79,-65.41,59.0,87,67,0.13
455,Richmond,US,2020-04-17 07:09:20,37.55,-77.46,37.99,88,7,3.0
456,Paamiut,GL,2020-04-17 07:10:45,61.99,-49.67,25.12,90,74,1.61
457,Visnes,NO,2020-04-17 07:10:45,59.36,5.22,41.0,69,82,19.46
458,Mumford,GH,2020-04-17 07:10:45,5.26,-0.76,81.19,87,74,10.25
459,Lebork,PL,2020-04-17 07:10:19,54.54,17.75,50.0,62,1,10.29
460,Tingo Maria,PE,2020-04-17 07:10:45,-9.29,-76.01,68.49,63,98,1.16
461,Nageshwari,BD,2020-04-17 07:10:46,25.94,89.71,88.81,39,48,5.64
462,Vao,NC,2020-04-17 07:10:46,-22.67,167.48,74.75,65,1,9.06
463,Gamba,GA,2020-04-17 07:10:46,-2.65,10.0,78.04,87,100,4.03
464,Grindavik,IS,2020-04-17 07:10:46,63.84,-22.43,44.6,100,90,16.11
465,Tuatapere,NZ,2020-04-17 07:10:47,-46.13,167.68,48.0,93,84,3.0
466,Adra,ES,2020-04-17 07:10:39,36.75,-3.02,62.6,77,97,9.17
467,Japura,ID,2020-04-17 07:10:47,-0.32,102.35,94.05,50,76,1.12
468,Skibbereen,IE,2020-04-17 07:10:47,51.55,-9.27,48.2,100,90,8.05
469,Luwuk,ID,2020-04-17 07:10:47,-0.95,122.79,86.32,68,43,3.71
470,Nilanga,IN,2020-04-17 07:10:48,18.1,76.77,100.04,14,1,2.46
471,Mahibadhoo,MV,2020-04-17 07:10:48,3.78,72.97,86.04,68,25,7.81
472,Mayo,US,2020-04-17 07:10:48,38.89,-76.51,39.99,92,1,5.7
473,Leon,MX,2020-04-17 07:08:39,21.12,-101.67,66.06,18,19,4.85
474,Klamath Falls,US,2020-04-17 07:10:49,42.22,-121.78,44.01,25,45,15.01
475,Kailua,US,2020-04-17 07:10:49,21.4,-157.74,75.0,69,49,1.01
476,Namibe,AO,2020-04-17 07:10:49,-15.2,12.15,74.01,66,0,7.0
477,Matamoros,MX,2020-04-17 07:10:49,25.53,-103.25,68.0,36,58,1.95
478,Morondava,MG,2020-04-17 07:07:08,-20.28,44.28,81.81,66,0,7.4
479,Karlskrona,SE,2020-04-17 07:10:50,56.16,15.59,42.8,52,0,10.29
480,Karpogory,RU,2020-04-17 07:10:50,64.0,44.45,33.51,96,100,4.63
481,Mankapur,IN,2020-04-17 07:10:50,27.03,82.23,99.19,18,45,4.54
482,Petrolina De Goias,BR,2020-04-17 07:10:50,-16.09,-49.34,66.63,76,89,4.23
483,Westport,US,2020-04-17 07:10:51,41.14,-73.36,39.0,68,1,12.3
484,Coxim,BR,2020-04-17 07:10:51,-18.51,-54.76,63.23,58,14,7.92
485,San Cristobal,VE,2020-04-17 07:10:52,7.77,-72.22,66.9,52,89,0.94
486,Davila,PH,2020-04-17 07:10:52,18.47,120.58,83.1,68,98,5.06
487,Shache,CN,2020-04-17 07:10:52,38.42,77.24,67.08,24,86,11.34
488,Mount Isa,AU,2020-04-17 07:10:52,-20.73,139.5,96.8,14,36,8.05
489,Kaliua,TZ,2020-04-17 07:10:53,-5.06,31.79,69.94,62,98,8.61
490,Sandwick,GB,2020-04-17 07:10:53,60.0,-1.25,41.0,80,20,1.12
491,Ushibuka,JP,2020-04-17 07:10:53,32.19,130.02,65.21,74,100,22.73
492,Aklavik,CA,2020-04-17 07:10:53,68.22,-135.01,24.69,96,92,8.7
493,San Quintin,MX,2020-04-17 07:10:54,30.48,-115.95,60.53,76,0,2.35
494,Naze,JP,2020-04-17 07:10:54,28.37,129.48,73.4,60,40,17.22
495,Hualmay,PE,2020-04-17 07:10:54,-11.1,-77.61,71.33,75,75,5.97
496,Alyangula,AU,2020-04-17 07:10:55,-13.85,136.42,86.74,56,10,7.67
497,Mizdah,LY,2020-04-17 07:10:55,31.45,12.98,60.49,62,34,9.26
498,Hambantota,LK,2020-04-17 07:10:55,6.12,81.12,85.6,69,20,6.13
499,San Pedro De Macoris,DO,2020-04-17 07:10:56,18.46,-69.3,78.01,83,1,5.35
500,Iquique,CL,2020-04-17 07:10:56,-20.22,-70.14,64.4,77,8,8.05
501,Hvolsvollur,IS,2020-04-17 07:10:56,63.75,-20.22,44.6,93,90,19.46
502,Imeni Poliny Osipenko,RU,2020-04-17 07:10:56,52.42,136.49,60.21,30,36,8.68
503,Lyngseidet,NO,2020-04-17 07:10:57,69.58,20.22,37.4,64,75,25.28
504,Itoman,JP,2020-04-17 07:10:57,26.12,127.67,77.0,57,40,12.75
505,Jablah,SY,2020-04-17 07:10:57,35.36,35.93,69.8,73,40,11.41
506,Colac,AU,2020-04-17 07:10:58,-38.33,143.58,60.01,89,53,10.92
507,Awbari,LY,2020-04-17 07:10:58,26.59,12.78,74.07,28,5,11.07
508,Kandrian,PG,2020-04-17 07:10:58,-6.22,149.55,82.02,78,97,3.71
509,Deputatskiy,RU,2020-04-17 07:10:58,69.3,139.9,-0.45,85,100,5.7
510,Manono,CD,2020-04-17 07:10:59,-7.3,27.42,74.12,76,100,1.63
511,Portland,US,2020-04-17 07:09:29,45.52,-122.68,55.99,39,19,3.53
512,Kerepehi,NZ,2020-04-17 07:10:59,-37.3,175.53,66.99,82,81,10.0
513,Yakima,US,2020-04-17 07:10:59,46.47,-120.67,46.99,54,0,4.0
514,Abancay,PE,2020-04-17 07:11:00,-13.63,-72.88,53.04,36,97,2.04
515,Port Hardy,CA,2020-04-17 07:11:00,50.7,-127.42,46.94,83,56,3.49
516,Motygino,RU,2020-04-17 07:11:00,58.18,94.76,46.72,55,82,5.08
517,Burnie,AU,2020-04-17 07:11:01,-41.07,145.92,54.0,68,52,10.0
518,Maralal,KE,2020-04-17 07:11:01,1.1,36.7,68.58,42,59,5.19
519,Srikakulam,IN,2020-04-17 07:10:19,18.3,83.9,95.56,41,0,14.43
520,Buala,SB,2020-04-17 07:11:02,-8.14,159.59,81.36,78,97,2.35
521,Chitral,PK,2020-04-17 07:11:02,35.85,71.79,53.15,33,100,1.57
522,Te Anau,NZ,2020-04-17 07:11:03,-45.42,167.72,53.13,70,13,4.14
523,Sidi Ali,DZ,2020-04-17 07:11:03,36.1,0.42,58.59,89,100,3.18
524,Darnah,LY,2020-04-17 07:11:04,32.77,22.64,59.05,73,18,15.7
525,Ulladulla,AU,2020-04-17 07:11:04,-35.35,150.47,72.0,52,1,9.6
526,Betioky,MG,2020-04-17 07:11:04,-23.72,44.38,82.18,38,0,7.14
527,Hervey Bay,AU,2020-04-17 07:07:11,-25.3,152.85,80.01,72,0,4.0
528,Christchurch,NZ,2020-04-17 07:10:55,-43.53,172.63,55.0,87,90,12.75
529,Saint-Georges,GD,2020-04-17 07:11:05,12.06,-61.75,79.38,78,100,15.95
530,Ancona,IT,2020-04-17 07:11:06,43.55,13.17,59.0,71,0,1.12
531,Vestmannaeyjar,IS,2020-04-17 07:11:06,63.44,-20.27,44.6,93,90,19.46
532,Sobolevo,RU,2020-04-17 07:11:07,54.43,31.9,35.46,76,80,16.89
533,Gelemso,ET,2020-04-17 07:11:07,8.82,40.52,68.13,44,79,0.72
534,Tsukumi,JP,2020-04-17 07:11:07,33.07,131.86,62.6,82,75,20.8
535,Bugulma,RU,2020-04-17 07:11:07,54.55,52.8,40.73,64,97,24.61
536,Doha,QA,2020-04-17 07:07:07,25.29,51.53,78.8,61,0,4.7
537,Chulym,RU,2020-04-17 07:11:10,55.1,80.96,52.79,68,14,3.98
538,Svarstad,NO,2020-04-17 07:11:11,59.4,9.97,39.99,48,0,5.82
539,Igarka,RU,2020-04-17 07:11:11,67.47,86.58,30.38,98,98,10.56
540,Chandbali,IN,2020-04-17 07:11:11,20.78,86.77,95.09,44,0,17.85
541,Olinda,BR,2020-04-17 07:11:11,-8.01,-34.86,80.06,79,79,6.04
542,Quchan,IR,2020-04-17 07:07:07,37.11,58.51,57.11,25,0,7.94
543,Revelstoke,CA,2020-04-17 07:11:12,50.98,-118.2,36.3,65,83,1.97
544,Teknaf,BD,2020-04-17 07:11:12,20.86,92.31,90.84,45,0,8.3
545,Campagna,IT,2020-04-17 07:11:12,40.67,15.11,59.0,61,54,2.13
546,Normandin,CA,2020-04-17 07:11:13,48.83,-72.53,26.01,49,83,1.99
547,Bayan,CN,2020-04-17 07:11:13,46.08,127.4,66.0,28,100,5.88
548,Semporna,MY,2020-04-17 07:11:14,4.48,118.61,78.8,100,20,3.36
549,Natal,BR,2020-04-17 07:06:45,-5.79,-35.21,79.0,85,69,11.41
550,Puerto Colombia,CO,2020-04-17 07:11:14,10.99,-74.95,78.8,88,46,12.75
551,Abatskoye,RU,2020-04-17 07:11:15,56.29,70.46,58.28,39,100,19.08
552,Lukovo,MK,2020-04-17 07:11:15,41.35,20.6,50.0,66,81,1.12
